Model,Prompt,Keywords,Type,Emotion,V,A,D,Valence,Arousal,Dominance,Emoji,Full_Prompt,Output
gpt_4,conversation,"morning, cat, wake",Emotion,grateful,,,,,,,,,
gpt_4,conversation,"morning, cat, wake",Emotion,joyful,,,,,,,,,
gpt_4,conversation,"morning, cat, wake",Emotion,content,,,,,,,,,
gpt_4,conversation,"morning, cat, wake",Emotion,surprised,,,,,,,,,
gpt_4,conversation,"morning, cat, wake",Emotion,excited,,,,,,,,,
gpt_4,conversation,"morning, cat, wake",Emotion,impressed,,,,,,,,,
gpt_4,conversation,"morning, cat, wake",Emotion,proud,,,,,,,,,
gpt_4,conversation,"morning, cat, wake",Emotion,anxious,,,,,,,,,
gpt_4,conversation,"morning, cat, wake",Emotion,afraid,,,,,,,,,
gpt_4,conversation,"morning, cat, wake",Emotion,terrified,,,,,,,,,
gpt_4,conversation,"morning, cat, wake",Emotion,annoyed,,,,,,,,,
gpt_4,conversation,"morning, cat, wake",Emotion,angry,,,,,,,,,
gpt_4,conversation,"morning, cat, wake",Emotion,furious,,,,,,,,,
gpt_4,conversation,"morning, cat, wake",Emotion,sad,,,,,,,,,
gpt_4,conversation,"morning, cat, wake",Emotion,devastated,,,,,,,,,
gpt_4,conversation,"morning, cat, wake",Emotion,ashamed,,,,,,,,,
gpt_4,conversation,"morning, cat, wake",Emotion,embarrassed,,,,,,,,,
gpt_4,conversation,"morning, cat, wake",Emotion,guilty,,,,,,,,,
gpt_4,conversation,"morning, cat, wake",VAD,grateful,,,,Very High Valence,Moderate Arousal,Low Dominance,,,
gpt_4,conversation,"morning, cat, wake",VAD,joyful,,,,Very High Valence,High Arousal,High Dominance,,,
gpt_4,conversation,"morning, cat, wake",VAD,content,,,,Very High Valence,High Arousal,Very High Dominance,,,
gpt_4,conversation,"morning, cat, wake",VAD,surprised,,,,High Valence,Very High Arousal,Moderate Dominance,,,
gpt_4,conversation,"morning, cat, wake",VAD,excited,,,,Very High Valence,Very High Arousal,High Dominance,,,
gpt_4,conversation,"morning, cat, wake",VAD,impressed,,,,High Valence,High Arousal,Low Dominance,,,
gpt_4,conversation,"morning, cat, wake",VAD,proud,,,,Very High Valence,High Arousal,Very High Dominance,,,
gpt_4,conversation,"morning, cat, wake",VAD,anxious,,,,Moderate Valence,High Arousal,Moderate Dominance,,,
gpt_4,conversation,"morning, cat, wake",VAD,afraid,,,,Very Low Valence,Very High Arousal,Low Dominance,,,
gpt_4,conversation,"morning, cat, wake",VAD,terrified,,,,Very Low Valence,Very High Arousal,Low Dominance,,,
gpt_4,conversation,"morning, cat, wake",VAD,annoyed,,,,Low Valence,Moderate Arousal,Moderate Dominance,,,
gpt_4,conversation,"morning, cat, wake",VAD,angry,,,,Low Valence,High Arousal,High Dominance,,,
gpt_4,conversation,"morning, cat, wake",VAD,furious,,,,Low Valence,Very High Arousal,High Dominance,,,
gpt_4,conversation,"morning, cat, wake",VAD,sad,,,,Very Low Valence,Low Arousal,Low Dominance,,,
gpt_4,conversation,"morning, cat, wake",VAD,devastated,,,,Moderate Valence,High Arousal,Low Dominance,,,
gpt_4,conversation,"morning, cat, wake",VAD,ashamed,,,,Low Valence,Mid Arousal,Low Dominance,,,
gpt_4,conversation,"morning, cat, wake",VAD,embarrassed,,,,Low Valence,High Arousal,Low Dominance,,,
gpt_4,conversation,"morning, cat, wake",VAD,guilty,,,,Low Valence,High Arousal,Low Dominance,,,
gpt_4,conversation,"morning, cat, wake",VAD_Numeric,grateful,4,3,2,,,,,,
gpt_4,conversation,"morning, cat, wake",VAD_Numeric,joyful,5,4,4,,,,,,
gpt_4,conversation,"morning, cat, wake",VAD_Numeric,content,5,3,5,,,,,,
gpt_4,conversation,"morning, cat, wake",VAD_Numeric,surprised,4,5,2,,,,,,
gpt_4,conversation,"morning, cat, wake",VAD_Numeric,excited,4,5,4,,,,,,
gpt_4,conversation,"morning, cat, wake",VAD_Numeric,impressed,4,4,2,,,,,,
gpt_4,conversation,"morning, cat, wake",VAD_Numeric,proud,5,4,3,,,,,,
gpt_4,conversation,"morning, cat, wake",VAD_Numeric,anxious,3,4,2,,,,,,
gpt_4,conversation,"morning, cat, wake",VAD_Numeric,afraid,1,3,2,,,,,,
gpt_4,conversation,"morning, cat, wake",VAD_Numeric,terrified,1,5,2,,,,,,
gpt_4,conversation,"morning, cat, wake",VAD_Numeric,annoyed,2,3,3,,,,,,
gpt_4,conversation,"morning, cat, wake",VAD_Numeric,angry,1,4,3,,,,,,
gpt_4,conversation,"morning, cat, wake",VAD_Numeric,furious,2,5,4,,,,,,
gpt_4,conversation,"morning, cat, wake",VAD_Numeric,sad,2,2,2,,,,,,
gpt_4,conversation,"morning, cat, wake",VAD_Numeric,devastated,1,4,2,,,,,,
gpt_4,conversation,"morning, cat, wake",VAD_Numeric,ashamed,2,3,2,,,,,,
gpt_4,conversation,"morning, cat, wake",VAD_Numeric,embarrassed,2,4,2,,,,,,
gpt_4,conversation,"morning, cat, wake",VAD_Numeric,guilty,1,3,3,,,,,,
gpt_4,conversation,"morning, cat, wake",Emojis,grateful,,,,,,,😊,,
gpt_4,conversation,"morning, cat, wake",Emojis,joyful,,,,,,,😁,,
gpt_4,conversation,"morning, cat, wake",Emojis,content,,,,,,,😌,,
gpt_4,conversation,"morning, cat, wake",Emojis,surprised,,,,,,,😯,,
gpt_4,conversation,"morning, cat, wake",Emojis,excited,,,,,,,😃,,
gpt_4,conversation,"morning, cat, wake",Emojis,impressed,,,,,,,🙂,,
gpt_4,conversation,"morning, cat, wake",Emojis,proud,,,,,,,🤩,,
gpt_4,conversation,"morning, cat, wake",Emojis,anxious,,,,,,,😃,,
gpt_4,conversation,"morning, cat, wake",Emojis,afraid,,,,,,,😨,,
gpt_4,conversation,"morning, cat, wake",Emojis,terrified,,,,,,,😱,,
gpt_4,conversation,"morning, cat, wake",Emojis,annoyed,,,,,,,😒,,
gpt_4,conversation,"morning, cat, wake",Emojis,angry,,,,,,,😡,,
gpt_4,conversation,"morning, cat, wake",Emojis,furious,,,,,,,🤬,,
gpt_4,conversation,"morning, cat, wake",Emojis,sad,,,,,,,🙁,,
gpt_4,conversation,"morning, cat, wake",Emojis,devastated,,,,,,,😭,,
gpt_4,conversation,"morning, cat, wake",Emojis,ashamed,,,,,,,😳,,
gpt_4,conversation,"morning, cat, wake",Emojis,embarrassed,,,,,,,😥,,
gpt_4,conversation,"morning, cat, wake",Emojis,guilty,,,,,,,😬,,
gpt_4,conversation,"great, place, korean",Emotion,grateful,,,,,,,,,
gpt_4,conversation,"great, place, korean",Emotion,joyful,,,,,,,,,
gpt_4,conversation,"great, place, korean",Emotion,content,,,,,,,,,
gpt_4,conversation,"great, place, korean",Emotion,surprised,,,,,,,,,
gpt_4,conversation,"great, place, korean",Emotion,excited,,,,,,,,,
gpt_4,conversation,"great, place, korean",Emotion,impressed,,,,,,,,,
gpt_4,conversation,"great, place, korean",Emotion,proud,,,,,,,,,
gpt_4,conversation,"great, place, korean",Emotion,anxious,,,,,,,,,
gpt_4,conversation,"great, place, korean",Emotion,afraid,,,,,,,,,
gpt_4,conversation,"great, place, korean",Emotion,terrified,,,,,,,,,
gpt_4,conversation,"great, place, korean",Emotion,annoyed,,,,,,,,,
gpt_4,conversation,"great, place, korean",Emotion,angry,,,,,,,,,
gpt_4,conversation,"great, place, korean",Emotion,furious,,,,,,,,,
gpt_4,conversation,"great, place, korean",Emotion,sad,,,,,,,,,
gpt_4,conversation,"great, place, korean",Emotion,devastated,,,,,,,,,
gpt_4,conversation,"great, place, korean",Emotion,ashamed,,,,,,,,,
gpt_4,conversation,"great, place, korean",Emotion,embarrassed,,,,,,,,,
gpt_4,conversation,"great, place, korean",Emotion,guilty,,,,,,,,,
gpt_4,conversation,"great, place, korean",VAD,grateful,,,,Very High Valence,Moderate Arousal,Low Dominance,,,
gpt_4,conversation,"great, place, korean",VAD,joyful,,,,Very High Valence,High Arousal,High Dominance,,,
gpt_4,conversation,"great, place, korean",VAD,content,,,,Very High Valence,High Arousal,Very High Dominance,,,
gpt_4,conversation,"great, place, korean",VAD,surprised,,,,High Valence,Very High Arousal,Moderate Dominance,,,
gpt_4,conversation,"great, place, korean",VAD,excited,,,,Very High Valence,Very High Arousal,High Dominance,,,
gpt_4,conversation,"great, place, korean",VAD,impressed,,,,High Valence,High Arousal,Low Dominance,,,
gpt_4,conversation,"great, place, korean",VAD,proud,,,,Very High Valence,High Arousal,Very High Dominance,,,
gpt_4,conversation,"great, place, korean",VAD,anxious,,,,Moderate Valence,High Arousal,Moderate Dominance,,,
gpt_4,conversation,"great, place, korean",VAD,afraid,,,,Very Low Valence,Very High Arousal,Low Dominance,,,
gpt_4,conversation,"great, place, korean",VAD,terrified,,,,Very Low Valence,Very High Arousal,Low Dominance,,,
gpt_4,conversation,"great, place, korean",VAD,annoyed,,,,Low Valence,Moderate Arousal,Moderate Dominance,,,
gpt_4,conversation,"great, place, korean",VAD,angry,,,,Low Valence,High Arousal,High Dominance,,,
gpt_4,conversation,"great, place, korean",VAD,furious,,,,Low Valence,Very High Arousal,High Dominance,,,
gpt_4,conversation,"great, place, korean",VAD,sad,,,,Very Low Valence,Low Arousal,Low Dominance,,,
gpt_4,conversation,"great, place, korean",VAD,devastated,,,,Moderate Valence,High Arousal,Low Dominance,,,
gpt_4,conversation,"great, place, korean",VAD,ashamed,,,,Low Valence,Mid Arousal,Low Dominance,,,
gpt_4,conversation,"great, place, korean",VAD,embarrassed,,,,Low Valence,High Arousal,Low Dominance,,,
gpt_4,conversation,"great, place, korean",VAD,guilty,,,,Low Valence,High Arousal,Low Dominance,,,
gpt_4,conversation,"great, place, korean",VAD_Numeric,grateful,4,3,2,,,,,,
gpt_4,conversation,"great, place, korean",VAD_Numeric,joyful,5,4,4,,,,,,
gpt_4,conversation,"great, place, korean",VAD_Numeric,content,5,3,5,,,,,,
gpt_4,conversation,"great, place, korean",VAD_Numeric,surprised,4,5,2,,,,,,
gpt_4,conversation,"great, place, korean",VAD_Numeric,excited,4,5,4,,,,,,
gpt_4,conversation,"great, place, korean",VAD_Numeric,impressed,4,4,2,,,,,,
gpt_4,conversation,"great, place, korean",VAD_Numeric,proud,5,4,3,,,,,,
gpt_4,conversation,"great, place, korean",VAD_Numeric,anxious,3,4,2,,,,,,
gpt_4,conversation,"great, place, korean",VAD_Numeric,afraid,1,3,2,,,,,,
gpt_4,conversation,"great, place, korean",VAD_Numeric,terrified,1,5,2,,,,,,
gpt_4,conversation,"great, place, korean",VAD_Numeric,annoyed,2,3,3,,,,,,
gpt_4,conversation,"great, place, korean",VAD_Numeric,angry,1,4,3,,,,,,
gpt_4,conversation,"great, place, korean",VAD_Numeric,furious,2,5,4,,,,,,
gpt_4,conversation,"great, place, korean",VAD_Numeric,sad,2,2,2,,,,,,
gpt_4,conversation,"great, place, korean",VAD_Numeric,devastated,1,4,2,,,,,,
gpt_4,conversation,"great, place, korean",VAD_Numeric,ashamed,2,3,2,,,,,,
gpt_4,conversation,"great, place, korean",VAD_Numeric,embarrassed,2,4,2,,,,,,
gpt_4,conversation,"great, place, korean",VAD_Numeric,guilty,1,3,3,,,,,,
gpt_4,conversation,"great, place, korean",Emojis,grateful,,,,,,,😊,,
gpt_4,conversation,"great, place, korean",Emojis,joyful,,,,,,,😁,,
gpt_4,conversation,"great, place, korean",Emojis,content,,,,,,,😌,,
gpt_4,conversation,"great, place, korean",Emojis,surprised,,,,,,,😯,,
gpt_4,conversation,"great, place, korean",Emojis,excited,,,,,,,😃,,
gpt_4,conversation,"great, place, korean",Emojis,impressed,,,,,,,🙂,,
gpt_4,conversation,"great, place, korean",Emojis,proud,,,,,,,🤩,,
gpt_4,conversation,"great, place, korean",Emojis,anxious,,,,,,,😃,,
gpt_4,conversation,"great, place, korean",Emojis,afraid,,,,,,,😨,,
gpt_4,conversation,"great, place, korean",Emojis,terrified,,,,,,,😱,,
gpt_4,conversation,"great, place, korean",Emojis,annoyed,,,,,,,😒,,
gpt_4,conversation,"great, place, korean",Emojis,angry,,,,,,,😡,,
gpt_4,conversation,"great, place, korean",Emojis,furious,,,,,,,🤬,,
gpt_4,conversation,"great, place, korean",Emojis,sad,,,,,,,🙁,,
gpt_4,conversation,"great, place, korean",Emojis,devastated,,,,,,,😭,,
gpt_4,conversation,"great, place, korean",Emojis,ashamed,,,,,,,😳,,
gpt_4,conversation,"great, place, korean",Emojis,embarrassed,,,,,,,😥,,
gpt_4,conversation,"great, place, korean",Emojis,guilty,,,,,,,😬,,
gpt_4,conversation,"friends, movie, yesterday",Emotion,grateful,,,,,,,,,
gpt_4,conversation,"friends, movie, yesterday",Emotion,joyful,,,,,,,,,
gpt_4,conversation,"friends, movie, yesterday",Emotion,content,,,,,,,,,
gpt_4,conversation,"friends, movie, yesterday",Emotion,surprised,,,,,,,,,
gpt_4,conversation,"friends, movie, yesterday",Emotion,excited,,,,,,,,,
gpt_4,conversation,"friends, movie, yesterday",Emotion,impressed,,,,,,,,,
gpt_4,conversation,"friends, movie, yesterday",Emotion,proud,,,,,,,,,
gpt_4,conversation,"friends, movie, yesterday",Emotion,anxious,,,,,,,,,
gpt_4,conversation,"friends, movie, yesterday",Emotion,afraid,,,,,,,,,
gpt_4,conversation,"friends, movie, yesterday",Emotion,terrified,,,,,,,,,
gpt_4,conversation,"friends, movie, yesterday",Emotion,annoyed,,,,,,,,,
gpt_4,conversation,"friends, movie, yesterday",Emotion,angry,,,,,,,,,
gpt_4,conversation,"friends, movie, yesterday",Emotion,furious,,,,,,,,,
gpt_4,conversation,"friends, movie, yesterday",Emotion,sad,,,,,,,,,
gpt_4,conversation,"friends, movie, yesterday",Emotion,devastated,,,,,,,,,
gpt_4,conversation,"friends, movie, yesterday",Emotion,ashamed,,,,,,,,,
gpt_4,conversation,"friends, movie, yesterday",Emotion,embarrassed,,,,,,,,,
gpt_4,conversation,"friends, movie, yesterday",Emotion,guilty,,,,,,,,,
gpt_4,conversation,"friends, movie, yesterday",VAD,grateful,,,,Very High Valence,Moderate Arousal,Low Dominance,,,
gpt_4,conversation,"friends, movie, yesterday",VAD,joyful,,,,Very High Valence,High Arousal,High Dominance,,,
gpt_4,conversation,"friends, movie, yesterday",VAD,content,,,,Very High Valence,High Arousal,Very High Dominance,,,
gpt_4,conversation,"friends, movie, yesterday",VAD,surprised,,,,High Valence,Very High Arousal,Moderate Dominance,,,
gpt_4,conversation,"friends, movie, yesterday",VAD,excited,,,,Very High Valence,Very High Arousal,High Dominance,,,
gpt_4,conversation,"friends, movie, yesterday",VAD,impressed,,,,High Valence,High Arousal,Low Dominance,,,
gpt_4,conversation,"friends, movie, yesterday",VAD,proud,,,,Very High Valence,High Arousal,Very High Dominance,,,
gpt_4,conversation,"friends, movie, yesterday",VAD,anxious,,,,Moderate Valence,High Arousal,Moderate Dominance,,,
gpt_4,conversation,"friends, movie, yesterday",VAD,afraid,,,,Very Low Valence,Very High Arousal,Low Dominance,,,
gpt_4,conversation,"friends, movie, yesterday",VAD,terrified,,,,Very Low Valence,Very High Arousal,Low Dominance,,,
gpt_4,conversation,"friends, movie, yesterday",VAD,annoyed,,,,Low Valence,Moderate Arousal,Moderate Dominance,,,
gpt_4,conversation,"friends, movie, yesterday",VAD,angry,,,,Low Valence,High Arousal,High Dominance,,,
gpt_4,conversation,"friends, movie, yesterday",VAD,furious,,,,Low Valence,Very High Arousal,High Dominance,,,
gpt_4,conversation,"friends, movie, yesterday",VAD,sad,,,,Very Low Valence,Low Arousal,Low Dominance,,,
gpt_4,conversation,"friends, movie, yesterday",VAD,devastated,,,,Moderate Valence,High Arousal,Low Dominance,,,
gpt_4,conversation,"friends, movie, yesterday",VAD,ashamed,,,,Low Valence,Mid Arousal,Low Dominance,,,
gpt_4,conversation,"friends, movie, yesterday",VAD,embarrassed,,,,Low Valence,High Arousal,Low Dominance,,,
gpt_4,conversation,"friends, movie, yesterday",VAD,guilty,,,,Low Valence,High Arousal,Low Dominance,,,
gpt_4,conversation,"friends, movie, yesterday",VAD_Numeric,grateful,4,3,2,,,,,,
gpt_4,conversation,"friends, movie, yesterday",VAD_Numeric,joyful,5,4,4,,,,,,
gpt_4,conversation,"friends, movie, yesterday",VAD_Numeric,content,5,3,5,,,,,,
gpt_4,conversation,"friends, movie, yesterday",VAD_Numeric,surprised,4,5,2,,,,,,
gpt_4,conversation,"friends, movie, yesterday",VAD_Numeric,excited,4,5,4,,,,,,
gpt_4,conversation,"friends, movie, yesterday",VAD_Numeric,impressed,4,4,2,,,,,,
gpt_4,conversation,"friends, movie, yesterday",VAD_Numeric,proud,5,4,3,,,,,,
gpt_4,conversation,"friends, movie, yesterday",VAD_Numeric,anxious,3,4,2,,,,,,
gpt_4,conversation,"friends, movie, yesterday",VAD_Numeric,afraid,1,3,2,,,,,,
gpt_4,conversation,"friends, movie, yesterday",VAD_Numeric,terrified,1,5,2,,,,,,
gpt_4,conversation,"friends, movie, yesterday",VAD_Numeric,annoyed,2,3,3,,,,,,
gpt_4,conversation,"friends, movie, yesterday",VAD_Numeric,angry,1,4,3,,,,,,
gpt_4,conversation,"friends, movie, yesterday",VAD_Numeric,furious,2,5,4,,,,,,
gpt_4,conversation,"friends, movie, yesterday",VAD_Numeric,sad,2,2,2,,,,,,
gpt_4,conversation,"friends, movie, yesterday",VAD_Numeric,devastated,1,4,2,,,,,,
gpt_4,conversation,"friends, movie, yesterday",VAD_Numeric,ashamed,2,3,2,,,,,,
gpt_4,conversation,"friends, movie, yesterday",VAD_Numeric,embarrassed,2,4,2,,,,,,
gpt_4,conversation,"friends, movie, yesterday",VAD_Numeric,guilty,1,3,3,,,,,,
gpt_4,conversation,"friends, movie, yesterday",Emojis,grateful,,,,,,,😊,,
gpt_4,conversation,"friends, movie, yesterday",Emojis,joyful,,,,,,,😁,,
gpt_4,conversation,"friends, movie, yesterday",Emojis,content,,,,,,,😌,,
gpt_4,conversation,"friends, movie, yesterday",Emojis,surprised,,,,,,,😯,,
gpt_4,conversation,"friends, movie, yesterday",Emojis,excited,,,,,,,😃,,
gpt_4,conversation,"friends, movie, yesterday",Emojis,impressed,,,,,,,🙂,,
gpt_4,conversation,"friends, movie, yesterday",Emojis,proud,,,,,,,🤩,,
gpt_4,conversation,"friends, movie, yesterday",Emojis,anxious,,,,,,,😃,,
gpt_4,conversation,"friends, movie, yesterday",Emojis,afraid,,,,,,,😨,,
gpt_4,conversation,"friends, movie, yesterday",Emojis,terrified,,,,,,,😱,,
gpt_4,conversation,"friends, movie, yesterday",Emojis,annoyed,,,,,,,😒,,
gpt_4,conversation,"friends, movie, yesterday",Emojis,angry,,,,,,,😡,,
gpt_4,conversation,"friends, movie, yesterday",Emojis,furious,,,,,,,🤬,,
gpt_4,conversation,"friends, movie, yesterday",Emojis,sad,,,,,,,🙁,,
gpt_4,conversation,"friends, movie, yesterday",Emojis,devastated,,,,,,,😭,,
gpt_4,conversation,"friends, movie, yesterday",Emojis,ashamed,,,,,,,😳,,
gpt_4,conversation,"friends, movie, yesterday",Emojis,embarrassed,,,,,,,😥,,
gpt_4,conversation,"friends, movie, yesterday",Emojis,guilty,,,,,,,😬,,
gpt_4,conversation,"Italy, therapist, partner",Emotion,grateful,,,,,,,,,
gpt_4,conversation,"Italy, therapist, partner",Emotion,joyful,,,,,,,,,
gpt_4,conversation,"Italy, therapist, partner",Emotion,content,,,,,,,,,
gpt_4,conversation,"Italy, therapist, partner",Emotion,surprised,,,,,,,,,
gpt_4,conversation,"Italy, therapist, partner",Emotion,excited,,,,,,,,,
gpt_4,conversation,"Italy, therapist, partner",Emotion,impressed,,,,,,,,,
gpt_4,conversation,"Italy, therapist, partner",Emotion,proud,,,,,,,,,
gpt_4,conversation,"Italy, therapist, partner",Emotion,anxious,,,,,,,,,
gpt_4,conversation,"Italy, therapist, partner",Emotion,afraid,,,,,,,,,
gpt_4,conversation,"Italy, therapist, partner",Emotion,terrified,,,,,,,,,
gpt_4,conversation,"Italy, therapist, partner",Emotion,annoyed,,,,,,,,,
gpt_4,conversation,"Italy, therapist, partner",Emotion,angry,,,,,,,,,
gpt_4,conversation,"Italy, therapist, partner",Emotion,furious,,,,,,,,,
gpt_4,conversation,"Italy, therapist, partner",Emotion,sad,,,,,,,,,
gpt_4,conversation,"Italy, therapist, partner",Emotion,devastated,,,,,,,,,
gpt_4,conversation,"Italy, therapist, partner",Emotion,ashamed,,,,,,,,,
gpt_4,conversation,"Italy, therapist, partner",Emotion,embarrassed,,,,,,,,,
gpt_4,conversation,"Italy, therapist, partner",Emotion,guilty,,,,,,,,,
gpt_4,conversation,"Italy, therapist, partner",VAD,grateful,,,,Very High Valence,Moderate Arousal,Low Dominance,,,
gpt_4,conversation,"Italy, therapist, partner",VAD,joyful,,,,Very High Valence,High Arousal,High Dominance,,,
gpt_4,conversation,"Italy, therapist, partner",VAD,content,,,,Very High Valence,High Arousal,Very High Dominance,,,
gpt_4,conversation,"Italy, therapist, partner",VAD,surprised,,,,High Valence,Very High Arousal,Moderate Dominance,,,
gpt_4,conversation,"Italy, therapist, partner",VAD,excited,,,,Very High Valence,Very High Arousal,High Dominance,,,
gpt_4,conversation,"Italy, therapist, partner",VAD,impressed,,,,High Valence,High Arousal,Low Dominance,,,
gpt_4,conversation,"Italy, therapist, partner",VAD,proud,,,,Very High Valence,High Arousal,Very High Dominance,,,
gpt_4,conversation,"Italy, therapist, partner",VAD,anxious,,,,Moderate Valence,High Arousal,Moderate Dominance,,,
gpt_4,conversation,"Italy, therapist, partner",VAD,afraid,,,,Very Low Valence,Very High Arousal,Low Dominance,,,
gpt_4,conversation,"Italy, therapist, partner",VAD,terrified,,,,Very Low Valence,Very High Arousal,Low Dominance,,,
gpt_4,conversation,"Italy, therapist, partner",VAD,annoyed,,,,Low Valence,Moderate Arousal,Moderate Dominance,,,
gpt_4,conversation,"Italy, therapist, partner",VAD,angry,,,,Low Valence,High Arousal,High Dominance,,,
gpt_4,conversation,"Italy, therapist, partner",VAD,furious,,,,Low Valence,Very High Arousal,High Dominance,,,
gpt_4,conversation,"Italy, therapist, partner",VAD,sad,,,,Very Low Valence,Low Arousal,Low Dominance,,,
gpt_4,conversation,"Italy, therapist, partner",VAD,devastated,,,,Moderate Valence,High Arousal,Low Dominance,,,
gpt_4,conversation,"Italy, therapist, partner",VAD,ashamed,,,,Low Valence,Mid Arousal,Low Dominance,,,
gpt_4,conversation,"Italy, therapist, partner",VAD,embarrassed,,,,Low Valence,High Arousal,Low Dominance,,,
gpt_4,conversation,"Italy, therapist, partner",VAD,guilty,,,,Low Valence,High Arousal,Low Dominance,,,
gpt_4,conversation,"Italy, therapist, partner",VAD_Numeric,grateful,4,3,2,,,,,,
gpt_4,conversation,"Italy, therapist, partner",VAD_Numeric,joyful,5,4,4,,,,,,
gpt_4,conversation,"Italy, therapist, partner",VAD_Numeric,content,5,3,5,,,,,,
gpt_4,conversation,"Italy, therapist, partner",VAD_Numeric,surprised,4,5,2,,,,,,
gpt_4,conversation,"Italy, therapist, partner",VAD_Numeric,excited,4,5,4,,,,,,
gpt_4,conversation,"Italy, therapist, partner",VAD_Numeric,impressed,4,4,2,,,,,,
gpt_4,conversation,"Italy, therapist, partner",VAD_Numeric,proud,5,4,3,,,,,,
gpt_4,conversation,"Italy, therapist, partner",VAD_Numeric,anxious,3,4,2,,,,,,
gpt_4,conversation,"Italy, therapist, partner",VAD_Numeric,afraid,1,3,2,,,,,,
gpt_4,conversation,"Italy, therapist, partner",VAD_Numeric,terrified,1,5,2,,,,,,
gpt_4,conversation,"Italy, therapist, partner",VAD_Numeric,annoyed,2,3,3,,,,,,
gpt_4,conversation,"Italy, therapist, partner",VAD_Numeric,angry,1,4,3,,,,,,
gpt_4,conversation,"Italy, therapist, partner",VAD_Numeric,furious,2,5,4,,,,,,
gpt_4,conversation,"Italy, therapist, partner",VAD_Numeric,sad,2,2,2,,,,,,
gpt_4,conversation,"Italy, therapist, partner",VAD_Numeric,devastated,1,4,2,,,,,,
gpt_4,conversation,"Italy, therapist, partner",VAD_Numeric,ashamed,2,3,2,,,,,,
gpt_4,conversation,"Italy, therapist, partner",VAD_Numeric,embarrassed,2,4,2,,,,,,
gpt_4,conversation,"Italy, therapist, partner",VAD_Numeric,guilty,1,3,3,,,,,,
gpt_4,conversation,"Italy, therapist, partner",Emojis,grateful,,,,,,,😊,,
gpt_4,conversation,"Italy, therapist, partner",Emojis,joyful,,,,,,,😁,,
gpt_4,conversation,"Italy, therapist, partner",Emojis,content,,,,,,,😌,,
gpt_4,conversation,"Italy, therapist, partner",Emojis,surprised,,,,,,,😯,,
gpt_4,conversation,"Italy, therapist, partner",Emojis,excited,,,,,,,😃,,
gpt_4,conversation,"Italy, therapist, partner",Emojis,impressed,,,,,,,🙂,,
gpt_4,conversation,"Italy, therapist, partner",Emojis,proud,,,,,,,🤩,,
gpt_4,conversation,"Italy, therapist, partner",Emojis,anxious,,,,,,,😃,,
gpt_4,conversation,"Italy, therapist, partner",Emojis,afraid,,,,,,,😨,,
gpt_4,conversation,"Italy, therapist, partner",Emojis,terrified,,,,,,,😱,,
gpt_4,conversation,"Italy, therapist, partner",Emojis,annoyed,,,,,,,😒,,
gpt_4,conversation,"Italy, therapist, partner",Emojis,angry,,,,,,,😡,,
gpt_4,conversation,"Italy, therapist, partner",Emojis,furious,,,,,,,🤬,,
gpt_4,conversation,"Italy, therapist, partner",Emojis,sad,,,,,,,🙁,,
gpt_4,conversation,"Italy, therapist, partner",Emojis,devastated,,,,,,,😭,,
gpt_4,conversation,"Italy, therapist, partner",Emojis,ashamed,,,,,,,😳,,
gpt_4,conversation,"Italy, therapist, partner",Emojis,embarrassed,,,,,,,😥,,
gpt_4,conversation,"Italy, therapist, partner",Emojis,guilty,,,,,,,😬,,
gpt_4,conversation,"finals, semester, math",Emotion,grateful,,,,,,,,,
gpt_4,conversation,"finals, semester, math",Emotion,joyful,,,,,,,,,
gpt_4,conversation,"finals, semester, math",Emotion,content,,,,,,,,,
gpt_4,conversation,"finals, semester, math",Emotion,surprised,,,,,,,,,
gpt_4,conversation,"finals, semester, math",Emotion,excited,,,,,,,,,
gpt_4,conversation,"finals, semester, math",Emotion,impressed,,,,,,,,,
gpt_4,conversation,"finals, semester, math",Emotion,proud,,,,,,,,,
gpt_4,conversation,"finals, semester, math",Emotion,anxious,,,,,,,,,
gpt_4,conversation,"finals, semester, math",Emotion,afraid,,,,,,,,,
gpt_4,conversation,"finals, semester, math",Emotion,terrified,,,,,,,,,
gpt_4,conversation,"finals, semester, math",Emotion,annoyed,,,,,,,,,
gpt_4,conversation,"finals, semester, math",Emotion,angry,,,,,,,,,
gpt_4,conversation,"finals, semester, math",Emotion,furious,,,,,,,,,
gpt_4,conversation,"finals, semester, math",Emotion,sad,,,,,,,,,
gpt_4,conversation,"finals, semester, math",Emotion,devastated,,,,,,,,,
gpt_4,conversation,"finals, semester, math",Emotion,ashamed,,,,,,,,,
gpt_4,conversation,"finals, semester, math",Emotion,embarrassed,,,,,,,,,
gpt_4,conversation,"finals, semester, math",Emotion,guilty,,,,,,,,,
gpt_4,conversation,"finals, semester, math",VAD,grateful,,,,Very High Valence,Moderate Arousal,Low Dominance,,,
gpt_4,conversation,"finals, semester, math",VAD,joyful,,,,Very High Valence,High Arousal,High Dominance,,,
gpt_4,conversation,"finals, semester, math",VAD,content,,,,Very High Valence,High Arousal,Very High Dominance,,,
gpt_4,conversation,"finals, semester, math",VAD,surprised,,,,High Valence,Very High Arousal,Moderate Dominance,,,
gpt_4,conversation,"finals, semester, math",VAD,excited,,,,Very High Valence,Very High Arousal,High Dominance,,,
gpt_4,conversation,"finals, semester, math",VAD,impressed,,,,High Valence,High Arousal,Low Dominance,,,
gpt_4,conversation,"finals, semester, math",VAD,proud,,,,Very High Valence,High Arousal,Very High Dominance,,,
gpt_4,conversation,"finals, semester, math",VAD,anxious,,,,Moderate Valence,High Arousal,Moderate Dominance,,,
gpt_4,conversation,"finals, semester, math",VAD,afraid,,,,Very Low Valence,Very High Arousal,Low Dominance,,,
gpt_4,conversation,"finals, semester, math",VAD,terrified,,,,Very Low Valence,Very High Arousal,Low Dominance,,,
gpt_4,conversation,"finals, semester, math",VAD,annoyed,,,,Low Valence,Moderate Arousal,Moderate Dominance,,,
gpt_4,conversation,"finals, semester, math",VAD,angry,,,,Low Valence,High Arousal,High Dominance,,,
gpt_4,conversation,"finals, semester, math",VAD,furious,,,,Low Valence,Very High Arousal,High Dominance,,,
gpt_4,conversation,"finals, semester, math",VAD,sad,,,,Very Low Valence,Low Arousal,Low Dominance,,,
gpt_4,conversation,"finals, semester, math",VAD,devastated,,,,Moderate Valence,High Arousal,Low Dominance,,,
gpt_4,conversation,"finals, semester, math",VAD,ashamed,,,,Low Valence,Mid Arousal,Low Dominance,,,
gpt_4,conversation,"finals, semester, math",VAD,embarrassed,,,,Low Valence,High Arousal,Low Dominance,,,
gpt_4,conversation,"finals, semester, math",VAD,guilty,,,,Low Valence,High Arousal,Low Dominance,,,
gpt_4,conversation,"finals, semester, math",VAD_Numeric,grateful,4,3,2,,,,,,
gpt_4,conversation,"finals, semester, math",VAD_Numeric,joyful,5,4,4,,,,,,
gpt_4,conversation,"finals, semester, math",VAD_Numeric,content,5,3,5,,,,,,
gpt_4,conversation,"finals, semester, math",VAD_Numeric,surprised,4,5,2,,,,,,
gpt_4,conversation,"finals, semester, math",VAD_Numeric,excited,4,5,4,,,,,,
gpt_4,conversation,"finals, semester, math",VAD_Numeric,impressed,4,4,2,,,,,,
gpt_4,conversation,"finals, semester, math",VAD_Numeric,proud,5,4,3,,,,,,
gpt_4,conversation,"finals, semester, math",VAD_Numeric,anxious,3,4,2,,,,,,
gpt_4,conversation,"finals, semester, math",VAD_Numeric,afraid,1,3,2,,,,,,
gpt_4,conversation,"finals, semester, math",VAD_Numeric,terrified,1,5,2,,,,,,
gpt_4,conversation,"finals, semester, math",VAD_Numeric,annoyed,2,3,3,,,,,,
gpt_4,conversation,"finals, semester, math",VAD_Numeric,angry,1,4,3,,,,,,
gpt_4,conversation,"finals, semester, math",VAD_Numeric,furious,2,5,4,,,,,,
gpt_4,conversation,"finals, semester, math",VAD_Numeric,sad,2,2,2,,,,,,
gpt_4,conversation,"finals, semester, math",VAD_Numeric,devastated,1,4,2,,,,,,
gpt_4,conversation,"finals, semester, math",VAD_Numeric,ashamed,2,3,2,,,,,,
gpt_4,conversation,"finals, semester, math",VAD_Numeric,embarrassed,2,4,2,,,,,,
gpt_4,conversation,"finals, semester, math",VAD_Numeric,guilty,1,3,3,,,,,,
gpt_4,conversation,"finals, semester, math",Emojis,grateful,,,,,,,😊,,
gpt_4,conversation,"finals, semester, math",Emojis,joyful,,,,,,,😁,,
gpt_4,conversation,"finals, semester, math",Emojis,content,,,,,,,😌,,
gpt_4,conversation,"finals, semester, math",Emojis,surprised,,,,,,,😯,,
gpt_4,conversation,"finals, semester, math",Emojis,excited,,,,,,,😃,,
gpt_4,conversation,"finals, semester, math",Emojis,impressed,,,,,,,🙂,,
gpt_4,conversation,"finals, semester, math",Emojis,proud,,,,,,,🤩,,
gpt_4,conversation,"finals, semester, math",Emojis,anxious,,,,,,,😃,,
gpt_4,conversation,"finals, semester, math",Emojis,afraid,,,,,,,😨,,
gpt_4,conversation,"finals, semester, math",Emojis,terrified,,,,,,,😱,,
gpt_4,conversation,"finals, semester, math",Emojis,annoyed,,,,,,,😒,,
gpt_4,conversation,"finals, semester, math",Emojis,angry,,,,,,,😡,,
gpt_4,conversation,"finals, semester, math",Emojis,furious,,,,,,,🤬,,
gpt_4,conversation,"finals, semester, math",Emojis,sad,,,,,,,🙁,,
gpt_4,conversation,"finals, semester, math",Emojis,devastated,,,,,,,😭,,
gpt_4,conversation,"finals, semester, math",Emojis,ashamed,,,,,,,😳,,
gpt_4,conversation,"finals, semester, math",Emojis,embarrassed,,,,,,,😥,,
gpt_4,conversation,"finals, semester, math",Emojis,guilty,,,,,,,😬,,
